title,author,genre,image
鴨肉珍,西子灣海風,美食介紹,orders\西子灣-美食-鴨肉珍.jpg
木葉粗食,西子灣海風,美食介紹,orders\西子灣-美食-木葉粗食.jpg
明洞美食,西子灣海風,美食介紹,orders\西子灣-美食-明洞美食.PNG
夕照觀景坡堤,西子灣海風,景點遊玩,orders\西子灣-景點-夕照觀景坡堤.jpg
小自然秘境沙灘,西子灣海風,景點遊玩,orders\西子灣-景點-小自然秘境沙灘.jpg
打狗英國領事館文化園區,西子灣海風,景點遊玩,orders\西子灣-景點-打狗英國領事館文化園區.jpg
柴山阿朗壹,西子灣海風,景點遊玩,orders\西子灣-景點-柴山阿朗壹.jpg
不一樣赤肉羹,旗津海港,美食介紹,orders\旗津-美食-不一樣赤肉羹.jpg
老街小巷咖啡簡餐,旗津海港,美食介紹,orders\旗津-美食-老街小巷咖啡簡餐.jpg
椪嫂蕃薯椪,旗津海港,美食介紹,orders\旗津-美食-椪嫂蕃薯椪.jpg
漢德那斯番菜料理,旗津海港,美食介紹,orders\旗津-美食-漢德那斯番菜料理.jpg
高雄燈塔,旗津海港,景點遊玩,orders\旗津-景點-高雄燈塔.jpg
旗後砲台,旗津海港,景點遊玩,orders\旗津-景點-旗後砲台.jpg
旗津老街,旗津海港,景點遊玩,orders\旗津-景點-旗津老街.jpg
旗津輪渡站,旗津海港,景點遊玩,orders\旗津-景點-旗津輪渡站.jpg
Le Bon Marché,駁二時尚,美食介紹,orders\駁二-美食-Le Bon Marché.jpg
紅瀰,駁二時尚,美食介紹,orders\駁二-美食-紅瀰.jpg
掌門精釀啤酒餐廳,駁二時尚,美食介紹,orders\駁二-美食-掌門精釀啤酒餐廳.png
港園牛肉麵,駁二時尚,美食介紹,orders\駁二-美食-港園牛肉麵.jpg
新咖哩,駁二時尚,美食介紹,orders\駁二-美食-新咖哩.jpg
金馬賓館當代美術館,駁二時尚,景點遊玩,orders\駁二-景點- 金馬賓館當代美術館.jpg
in89駁二電影院,駁二時尚,景點遊玩,orders\駁二-景點-in89駁二電影院.jpg
哈瑪星鐵道文化園區,駁二時尚,景點遊玩,orders\駁二-景點-哈瑪星鐵道文化園區.jpg
駁二特區,駁二時尚,景點遊玩,orders\image 14.png
高雄流行音樂中心,駁二時尚,景點遊玩,orders\駁二-景點-高雄流行音樂中心.jpg
高雄港大港橋,駁二時尚,景點遊玩,orders\駁二-景點-高雄港大港橋.jpg
棧貳庫KW2,駁二時尚,景點遊玩,orders\駁二-景點-棧貳庫KW2.jpg
Kyomo Pasta,鹽埕風格,美食介紹,orders\鹽埕-美食-Kyomo Pasta.jpg
金溫州餛飩大王,鹽埕風格,美食介紹,orders\鹽埕-美食-金溫州餛飩大王.jpg
柒壹喫堂,鹽埕風格,美食介紹,orders\鹽埕-美食-柒壹喫堂.jpg
港園牛肉麵,鹽埕風格,美食介紹,orders\鹽埕-美食-港園牛肉麵.jpg
文武聖殿,鹽埕風格,景點遊玩,orders\鹽埕-景點-文武聖殿.jpg
高雄市立歷史博物館,鹽埕風格,景點遊玩,orders\鹽埕-景點-高雄市立歷史博物館.jpg
高雄市電影館,鹽埕風格,景點遊玩,orders\鹽埕-景點-高雄市電影館.jpg
愛河親水徒步區,鹽埕風格,景點遊玩,orders\鹽埕-景點-愛河親水徒步區.jpg
壽山動物園,鹽埕風格,景點遊玩,orders\鹽埕-景點-壽山動物園.jpg
